onset	duration	trial_type	value	sample
14.32421875	1.0	off	1	7334
92.439453125	1.0	on	2	47329
165.763671875	1.0	on	2	84871
246.64453125	1.0	off	1	126282
323.8046875	1.0	off	1	165788
400.865234375	1.0	on	2	205243
474.869140625	1.0	off	1	243133
549.560546875	1.0	off	1	281375
633.646484375	1.0	on	2	324427
709.45703125	1.0	on	2	363242
