onset	duration	trial_type	value	sample
16.36328125	1.0	on	2	8378
89.287109375	1.0	on	2	45715
166.63671875	1.0	off	1	85318
244.16015625	1.0	on	2	125010
322.244140625	1.0	off	1	164989
409.138671875	1.0	off	1	209479
484.41015625	1.0	off	1	248018
559.734375	1.0	on	2	286584
644.21484375	1.0	off	1	329838
727.755859375	1.0	on	2	372611
