onset	duration	trial_type	value	sample
136.794921875	1.0	on	2	70039
220.673828125	1.0	off	1	112985
296.6640625	1.0	off	1	151892
373.560546875	1.0	off	1	191263
455.171875	1.0	on	2	233048
534.20703125	1.0	off	1	273514
611.279296875	1.0	on	2	312975
687.169921875	1.0	off	1	351831
766.84765625	1.0	on	2	392626
841.44921875	1.0	on	2	430822
