onset	duration	trial_type	value	sample
19.45703125	1.0	off	1	9962
101.64453125	1.0	off	1	52042
183.298828125	1.0	on	2	93849
268.591796875	1.0	on	2	137519
350.275390625	1.0	off	1	179341
432.345703125	1.0	off	1	221361
512.697265625	1.0	on	2	262501
589.482421875	1.0	off	1	301815
667.884765625	1.0	on	2	341957
742.21875	1.0	on	2	380016
