onset	duration	trial_type	value	sample
8.04296875	1.0	on	2	4118
93.26953125	1.0	off	1	47754
171.73046875	1.0	off	1	87926
250.75	1.0	on	2	128384
332.13671875	1.0	off	1	170054
412.591796875	1.0	on	2	211247
489.20703125	1.0	on	2	250474
565.935546875	1.0	off	1	289759
644.115234375	1.0	on	2	329787
721.5234375	1.0	off	1	369420
