onset	duration	trial_type	value	sample
42.34375	1.0	on	2	21680
120.435546875	1.0	off	1	61663
197.28125	1.0	on	2	101008
274.763671875	1.0	off	1	140679
349.669921875	1.0	off	1	179031
427.7890625	1.0	off	1	219028
504.34765625	1.0	off	1	258226
580.013671875	1.0	on	2	296967
655.3671875	1.0	on	2	335548
733.357421875	1.0	on	2	375479
