onset	duration	trial_type	value	sample
5.68359375	1.0	on	2	2910
97.599609375	1.0	on	2	49971
178.7578125	1.0	on	2	91524
258.267578125	1.0	off	1	132233
339.236328125	1.0	on	2	173689
417.1328125	1.0	off	1	213572
494.830078125	1.0	off	1	253353
573.203125	1.0	off	1	293480
655.234375	1.0	on	2	335480
733.224609375	1.0	off	1	375411
