onset	duration	trial_type	value	sample
23.580078125	1.0	on	2	12073
114.869140625	1.0	off	1	58813
205.40625	1.0	on	2	105168
285.337890625	1.0	on	2	146093
362.521484375	1.0	on	2	185611
444.15234375	1.0	off	1	227406
522.376953125	1.0	off	1	267457
602.654296875	1.0	off	1	308559
680.109375	1.0	on	2	348216
757.71875	1.0	off	1	387952
