onset	duration	trial_type	value	sample
4.4765625	1.0	on	2	2292
86.443359375	1.0	on	2	44259
164.07421875	1.0	off	1	84006
241.287109375	1.0	on	2	123539
322.328125	1.0	on	2	165032
405.560546875	1.0	off	1	207647
483.736328125	1.0	on	2	247673
564.623046875	1.0	off	1	289087
641.5703125	1.0	off	1	328484
717.48828125	1.0	off	1	367354
