onset	duration	trial_type	value	sample
9.044921875	1.0	off	1	4631
95.2265625	1.0	off	1	48756
178.994140625	1.0	on	2	91645
268.21875	1.0	off	1	137328
357.580078125	1.0	on	2	183081
449.31640625	1.0	off	1	230050
535.841796875	1.0	on	2	274351
622.931640625	1.0	off	1	318941
716.32421875	1.0	on	2	366758
801.55859375	1.0	on	2	410398
